<?xml version="1.0" encoding="utf-8"?>
<feed xmlns="http://www.w3.org/2005/Atom"
    xmlns:rdf="http://www.w3.org/1999/02/22-rdf-syntax-ns#"
    xmlns:leap2="http://terms.leapspecs.org/"
    xmlns:categories="http://wiki.leapspecs.org/2A/categories/"
    xmlns:portfolio="https://eportfolio.u-pec.fr/export/leap/3591/1664264471/"
    xmlns:mahara="http://wiki.mahara.org/Developer_Area/Import%2F%2FExport/LEAP_Extensions#"
>
    <leap2:version>http://www.leapspecs.org/2010-07/2A/</leap2:version>
    <id>https://eportfolio.u-pec.fr/export/3591/1664264471</id>
    <title>Mahara Leap2A Export for Henri CHEN, 27/09/2022 09:41</title>
    <updated>2022-09-27T09:09:11+02:00</updated>
    <generator uri="https://mahara.org/" version="2008122400">Mahara</generator>
    <author>
        <name>Henri CHEN</name>
        <email>henri.chen@etu.u-pec.fr</email>
        <uri>portfolio:artefactinternal</uri>
    </author>

    <entry>
        <title>Profile page</title>
        <id>portfolio:view30791</id>

        <updated>2022-09-27T07:07:11+02:00</updated>
        <published>2022-09-20T16:04:08+02:00</published>

        <summary type="xhtml"><div xmlns="http://www.w3.org/1999/xhtml"><div>Your profile page is what others see when they click on your name or profile picture.</div></div></summary>

   <subtitle type="xhtml"><div xmlns="http://www.w3.org/1999/xhtml"><div></div></div></subtitle>
        <content type="xhtml"><div xmlns="http://www.w3.org/1999/xhtml"><div><div id="user_block_133595"><div class="bt-placeholder gridstackblock card card-secondary clearfix" id="user_blockinstance_133595">
    
    
    
        <h2 class="title card-header js-heading">
            

            <span class="collapse-inline">
                Bienvenue sur mon Profile
                
            </span>

            

        </h2>
    

    <div class="block" id="user_blockinstance_133595_target">
        
        
            <p class="content-text lead">Veuillez configurer le bloc pour déterminer quel type de bloc est accepté ici.</p>
        
    </div>
</div>
</div><div id="user_block_131983"><div class="bt-profileinfo gridstackblock card card-secondary card-regular clearfix" id="user_blockinstance_131983">
    
    
    
        <h2 class="title card-header js-heading">
            

            <span class="collapse-inline">
                Utilisateurs
                
            </span>

            

        </h2>
    

    <div class="block" id="user_blockinstance_131983_target">
        
        
            
    
    <div class="card-body flush">
    
    
    
    
        <ul class="unstyled profile-info">
        
            <li><strong>Prénom:</strong> Henri</li>
        
            <li><strong>Nom:</strong> CHEN</li>
        
        </ul>
    
    
    
    
    </div>
    


        
    </div>
</div>
</div><div id="user_block_131987"><div class="bt-myviews gridstackblock card card-secondary clearfix" id="user_blockinstance_131987">
    
    
    
        <h2 class="title card-header js-heading">
            

            <span class="collapse-inline">
                Mes portfolios
                
            </span>

            

        </h2>
    

    <div class="block" id="user_blockinstance_131987_target">
        
        
            
    <div class="list-group">
        <div id="user_myviewlist">
            
    <div class="list-group-item flush">
        <h3 class="title list-group-item-heading text-inline">
            <a href="https://eportfolio.u-pec.fr/view/view.php?id=30803">Découverte de Mahara</a>
        </h3>

        

        
        <div class="list-group-item-text text-small">
            Mes premier pas sur Mahara.  
Première séance de la SAE 14
        </div>
        

        
    </div>


        </div>
    
        <div id="user_myviews_page_container" class="d-none"><div id="user_myviews_pagination" class="pagination-wrapper center"><div class="lead text-small results float-right">1 résultat</div></div></div>
    
    
    
    
    </div>


        
    </div>
</div>
</div></div></div></content>
        <rdf:type rdf:resource="leap2:selection"/>

        <link rel="leap2:has_part" href="portfolio:artefact86382"/>
        <link rel="leap2:has_part" href="portfolio:artefact86383"/>


        <category term="Webpage" scheme="categories:selection_type#"/>





        <mahara:view mahara:newlayout="1" mahara:type="profile" mahara:ownerformat="6">
        
            
            <mahara:blockinstance mahara:blocktype="placeholder" mahara:blocktitle="Bienvenue sur mon Profile" mahara:positionx="0" mahara:positiony="0" mahara:height="13" mahara:width="12">
                
                    
                    <mahara:tags>[null]</mahara:tags>
                    
                
                    
                    <mahara:retractable>[0]</mahara:retractable>
                    
                
                    
                    <mahara:retractedonload>[0]</mahara:retractedonload>
                    
                
                
                
            </mahara:blockinstance>
            
            <mahara:blockinstance mahara:blocktype="profileinfo" mahara:blocktitle="Utilisateurs" mahara:positionx="0" mahara:positiony="13" mahara:height="11" mahara:width="5">
                
                    
                    <mahara:fields>[[&quot;firstname&quot;,&quot;lastname&quot;]]</mahara:fields>
                    
                
                    
                    <mahara:introtext>[&quot;&quot;]</mahara:introtext>
                    
                
                
                
            </mahara:blockinstance>
            
            <mahara:blockinstance mahara:blocktype="myviews" mahara:blocktitle="" mahara:positionx="0" mahara:positiony="24" mahara:height="19" mahara:width="6">
                
                
                
            </mahara:blockinstance>
            
        
        </mahara:view>
    </entry>

    <entry>
        <title>Dashboard page</title>
        <id>portfolio:view30792</id>

        <updated>2022-09-20T16:04:08+02:00</updated>
        <published>2022-09-20T16:04:08+02:00</published>

        <summary type="xhtml"><div xmlns="http://www.w3.org/1999/xhtml"><div></div></div></summary>

   <subtitle type="xhtml"><div xmlns="http://www.w3.org/1999/xhtml"><div></div></div></subtitle>
        <content type="xhtml"><div xmlns="http://www.w3.org/1999/xhtml"><div><div id="user_block_131991"><div class="bt-newviews gridstackblock card card-secondary clearfix" id="user_blockinstance_131991">
    
    
    
        <h2 class="title card-header js-heading">
            

            <span class="collapse-inline">
                Portfolios partagés avec moi
                
            </span>

            

        </h2>
    

    <div class="block" id="user_blockinstance_131991_target">
        
        
            
<div class="card-body">
    <p class="lead text-small">Aucunes pages ni collections</p>
</div>


        
    </div>
</div>
</div><div id="user_block_131989"><div class="bt-inbox gridstackblock card card-secondary clearfix" id="user_blockinstance_131989">
    
    
    
        <h2 class="title card-header js-heading">
            

            <span class="collapse-inline">
                Boîte de réception
                
            </span>

            

        </h2>
    

    <div class="block" id="user_blockinstance_131989_target">
        
        
            
    <div id="user_inboxblock" class="inboxblock list-group">
        
        <div class="collapsible list-group-item flush-collapsible">
            
                <h3 class="title list-group-item-heading"><a class="collapsed link-block" href="#message_content_maharamessage_53234">
                    
                        <span class="icon icon-wrench text-default left"></span>
                    
                    <span class="sr-only">Messages système</span>
                    <span class="subject">Confirmation d'affiliation à une institution</span>
                    <span class="icon icon-chevron-down collapse-indicator float-right"></span>
                </a></h3>
            
            <div class="collapse" id="user_message_content_maharamessage_53234">
                
                    <p class="content-text">Vous êtes maintenant membre de UPEC.</p>
                    
                    
                
            </div>
        </div>
        
    </div>
    
    


        
    </div>
</div>
</div><div id="user_block_131990"><div class="bt-myviews gridstackblock card card-secondary clearfix" id="user_blockinstance_131990">
    
    
    
        <h2 class="title card-header js-heading">
            

            <span class="collapse-inline">
                Mes portfolios
                
            </span>

            

        </h2>
    

    <div class="block" id="user_blockinstance_131990_target">
        
        
            
    <div class="list-group">
        <div id="user_myviewlist">
            
    <div class="list-group-item flush">
        <h3 class="title list-group-item-heading text-inline">
            <a href="https://eportfolio.u-pec.fr/view/view.php?id=30803">Découverte de Mahara</a>
        </h3>

        

        
        <div class="list-group-item-text text-small">
            Mes premier pas sur Mahara.  
Première séance de la SAE 14
        </div>
        

        
    </div>


        </div>
    
        <div id="user_myviews_page_container" class="d-none"><div id="user_myviews_pagination" class="pagination-wrapper center"><div class="lead text-small results float-right">1 résultat</div></div></div>
    
    
    
    
    </div>


        
    </div>
</div>
</div><div id="user_block_131988"><div class="bt-inbox gridstackblock card card-secondary clearfix" id="user_blockinstance_131988">
    
    
    
        <h2 class="title card-header js-heading">
            

            <span class="collapse-inline">
                Sujets que je suis
                
            </span>

            

        </h2>
    

    <div class="block" id="user_blockinstance_131988_target">
        
        
            
    <div class="card-body">
        <p class="lead text-small">Pas de messages</p>
    </div>


        
    </div>
</div>
</div></div></div></content>
        <rdf:type rdf:resource="leap2:selection"/>



        <category term="Webpage" scheme="categories:selection_type#"/>





        <mahara:view mahara:newlayout="1" mahara:type="dashboard" mahara:ownerformat="6">
        
            
            <mahara:blockinstance mahara:blocktype="newviews" mahara:blocktitle="" mahara:positionx="0" mahara:positiony="0" mahara:height="1" mahara:width="6">
                
                    
                    <mahara:limit>[5]</mahara:limit>
                    
                
                    
                    <mahara:user>[1]</mahara:user>
                    
                
                    
                    <mahara:friend>[1]</mahara:friend>
                    
                
                    
                    <mahara:group>[1]</mahara:group>
                    
                
                
                
            </mahara:blockinstance>
            
            <mahara:blockinstance mahara:blocktype="inbox" mahara:blocktitle="" mahara:positionx="6" mahara:positiony="0" mahara:height="1" mahara:width="6">
                
                    
                    <mahara:feedback>[true]</mahara:feedback>
                    
                
                    
                    <mahara:groupmessage>[true]</mahara:groupmessage>
                    
                
                    
                    <mahara:institutionmessage>[true]</mahara:institutionmessage>
                    
                
                    
                    <mahara:maharamessage>[true]</mahara:maharamessage>
                    
                
                    
                    <mahara:usermessage>[true]</mahara:usermessage>
                    
                
                    
                    <mahara:viewaccess>[true]</mahara:viewaccess>
                    
                
                    
                    <mahara:watchlist>[true]</mahara:watchlist>
                    
                
                    
                    <mahara:maxitems>[&quot;5&quot;]</mahara:maxitems>
                    
                
                    
                    <mahara:wallpost>[true]</mahara:wallpost>
                    
                
                
                
            </mahara:blockinstance>
            
            <mahara:blockinstance mahara:blocktype="myviews" mahara:blocktitle="" mahara:positionx="0" mahara:positiony="1" mahara:height="1" mahara:width="6">
                
                
                
            </mahara:blockinstance>
            
            <mahara:blockinstance mahara:blocktype="inbox" mahara:blocktitle="" mahara:positionx="6" mahara:positiony="1" mahara:height="1" mahara:width="6">
                
                    
                    <mahara:newpost>[true]</mahara:newpost>
                    
                
                    
                    <mahara:maxitems>[&quot;5&quot;]</mahara:maxitems>
                    
                
                
                
            </mahara:blockinstance>
            
        
        </mahara:view>
    </entry>

    <entry>
        <title>Découverte de Mahara</title>
        <id>portfolio:view30803</id>

        <updated>2022-09-20T16:04:09+02:00</updated>
        <published>2022-09-20T16:04:33+02:00</published>

        <summary type="xhtml"><div xmlns="http://www.w3.org/1999/xhtml"><div>Mes premier pas sur Mahara. 
Première séance de la SAE 14</div></div></summary>

   <subtitle type="xhtml"><div xmlns="http://www.w3.org/1999/xhtml"><div></div></div></subtitle>
        <content type="xhtml"><div xmlns="http://www.w3.org/1999/xhtml"><div><div id="user_block_132030"><div class="bt-text gridstackblock card card-secondary clearfix" id="user_blockinstance_132030">
    
    
        <div class="block-header quick-edit d-none">
    <a class="modal_link list-group-heading" href="#" title="Édition rapide">
        <span class="icon icon-pencil-alt" title="Édition rapide"></span>
        Édition rapide
    </a>
</div>

    
    
        <h2 class="title card-header js-heading">
            

            <span class="collapse-inline">
                Présentation 
                
            </span>

            

        </h2>
    

    <div class="block" id="user_blockinstance_132030_target">
        
        
            

<div class="textblock card-body flush">
<p>Ceci est mon premier bloc de la page "<strong>Découverte de Mahara...</strong>"</p>
<p>1. Item1</p>
<p>2. Item2</p>
<p>3. Item3</p>
</div>


        
    </div>
</div>
</div><div id="user_block_132036"><div class="bt-image gridstackblock card card-secondary clearfix" id="user_blockinstance_132036">
    
    
    
        <h2 class="title card-header js-heading">
            

            <span class="collapse-inline">
                Bloc - Images
                
            </span>

            

        </h2>
    

    <div class="block" id="user_blockinstance_132036_target">
        
        
            
        
    </div>
</div>
</div><div id="user_block_132096"><div class="bt-externalvideo gridstackblock card card-secondary card-brand clearfix" id="user_blockinstance_132096">
    
    
    
        <h2 class="title card-header js-heading">
            

            <span class="collapse-inline">
                Vidéo
                
            </span>

            

        </h2>
    

    <div class="block" id="user_blockinstance_132096_target">
        
        
            <div class="mediaplayer-container text-center card-body">
  <div id="user_vid_132096" class="mediaplayer" style="margin:0 auto;">
    <iframe class="externalvideoiframe" width="560" height="349" src="https://www.youtube.com/embed/0q5D-ESUzrA?start=" allowfullscreen="1"></iframe>
    
  </div>
</div>

        
    </div>
</div>
</div></div></div></content>
        <rdf:type rdf:resource="leap2:selection"/>



        <category term="Webpage" scheme="categories:selection_type#"/>





        <mahara:view mahara:newlayout="1" mahara:type="portfolio" mahara:ownerformat="6">
        
            
            <mahara:blockinstance mahara:blocktype="text" mahara:blocktitle="Présentation " mahara:positionx="0" mahara:positiony="0" mahara:height="17" mahara:width="4">
                
                    
                    <mahara:text>[&quot;&lt;p&gt;Ceci est mon premier bloc de la page \&quot;&lt;strong&gt;D&amp;eacute;couverte de Mahara...&lt;\/strong&gt;\&quot;&lt;\/p&gt;\r\n&lt;p&gt;1. Item1&lt;\/p&gt;\r\n&lt;p&gt;2. Item2&lt;\/p&gt;\r\n&lt;p&gt;3. Item3&lt;\/p&gt;&quot;]</mahara:text>
                    
                
                    
                    <mahara:instructions></mahara:instructions>
                    
                
                
                
            </mahara:blockinstance>
            
            <mahara:blockinstance mahara:blocktype="image" mahara:blocktitle="Bloc - Images" mahara:positionx="4" mahara:positiony="0" mahara:height="15" mahara:width="4">
                
                    
                    <mahara:artefactid></mahara:artefactid>
                    
                
                    
                    <mahara:showdescription>[false]</mahara:showdescription>
                    
                
                    
                    <mahara:width>[&quot;&quot;]</mahara:width>
                    
                
                    
                    <mahara:retractable>[0]</mahara:retractable>
                    
                
                    
                    <mahara:retractedonload>[0]</mahara:retractedonload>
                    
                
                
                
            </mahara:blockinstance>
            
            <mahara:blockinstance mahara:blocktype="externalvideo" mahara:blocktitle="Vidéo" mahara:positionx="8" mahara:positiony="0" mahara:height="31" mahara:width="4">
                
                    
                    <mahara:videoid>[&quot;&lt;iframe class=\&quot;externalvideoiframe\&quot; width=\&quot;560\&quot; height=\&quot;349\&quot; src=\&quot;https:\/\/www.youtube.com\/embed\/0q5D-ESUzrA?start=\&quot; allowfullscreen=\&quot;1\&quot;&gt;&lt;\/iframe&gt;&quot;]</mahara:videoid>
                    
                
                    
                    <mahara:width>[560]</mahara:width>
                    
                
                    
                    <mahara:height>[349]</mahara:height>
                    
                
                    
                    <mahara:tags>[null]</mahara:tags>
                    
                
                    
                    <mahara:retractable>[0]</mahara:retractable>
                    
                
                    
                    <mahara:retractedonload>[0]</mahara:retractedonload>
                    
                
                    
                    <mahara:html>[&quot;&lt;iframe class=\&quot;externalvideoiframe\&quot; width=\&quot;560\&quot; height=\&quot;349\&quot; src=\&quot;https:\/\/www.youtube.com\/embed\/0q5D-ESUzrA?start=\&quot; allowfullscreen=\&quot;1\&quot;&gt;&lt;\/iframe&gt;&quot;]</mahara:html>
                    
                
                
                
            </mahara:blockinstance>
            
        
        </mahara:view>
    </entry>

    <entry>
        <title>Journal de Henri Chen</title>
        <id>portfolio:artefact86386</id>

        <updated>2022-09-20T16:04:08+02:00</updated>
        <published>2022-09-20T16:04:08+02:00</published>




        <content type="xhtml"><div xmlns="http://www.w3.org/1999/xhtml"><div></div></div></content>
        <rdf:type rdf:resource="leap2:selection"/>
        <mahara:artefactplugin mahara:type="blog" mahara:plugin="blog"/>


        <category term="Blog" scheme="categories:selection_type#"/>




    </entry>


    <entry>
        <title>Certifications, accréditations et prix obtenus</title>
        <id>portfolio:artefact86454</id>

        <updated>2022-09-26T21:09:09+02:00</updated>
        <published>2022-09-20T17:05:17+02:00</published>




        <content></content>
        <rdf:type rdf:resource="leap2:selection"/>
        <mahara:artefactplugin mahara:type="certification" mahara:plugin="resume"/>
        <link rel="leap2:has_part" href="portfolio:resumecomposite-86454-child-299" leap2:display_order="1"/>
        <link rel="related" href="portfolio:86455"/>
        <link rel="related" href="portfolio:87608"/>
        <link rel="leap2:has_part" href="portfolio:resumecomposite-86454-child-331" leap2:display_order="2"/>


        <category term="Grouping" scheme="categories:selection_type#"/>




    </entry>


    <entry>
        <title>Certification Pix</title>
        <id>portfolio:resumecomposite-86454-child-299</id>

        <updated>2022-09-26T21:09:09+02:00</updated>





        <content></content>
        <rdf:type rdf:resource="leap2:achievement"/>
        <mahara:artefactplugin mahara:type="pseudo:certification" mahara:plugin="resume"/>
        <link rel="leap2:is_part_of" href="portfolio:artefact86454" leap2:display_order="1"/>









        <leap2:date leap2:point="end" leap2:label="17 mars 2022"></leap2:date>

    </entry>

    <entry>
        <title>Certificat Programing Hub C Language </title>
        <id>portfolio:resumecomposite-86454-child-331</id>

        <updated>2022-09-26T21:09:09+02:00</updated>





        <content></content>
        <rdf:type rdf:resource="leap2:achievement"/>
        <mahara:artefactplugin mahara:type="pseudo:certification" mahara:plugin="resume"/>
        <link rel="leap2:is_part_of" href="portfolio:artefact86454" leap2:display_order="2"/>









        <leap2:date leap2:point="end" leap2:label="24 Août 2022"></leap2:date>

    </entry>

    <entry>
        <title>attestation-pix-20220318.pdf</title>
        <id>portfolio:artefact86455</id>

        <updated>2022-09-20T17:05:17+02:00</updated>
        <published>2022-09-20T17:05:17+02:00</published>




        <content type="xhtml"><div xmlns="http://www.w3.org/1999/xhtml"><div></div></div></content>
        <rdf:type rdf:resource="leap2:resource"/>
        <mahara:artefactplugin mahara:type="file" mahara:plugin="file"/>
        <link rel="enclosure" type="application/pdf" href="export_info/files/86455-attestation-pix-20220318.pdf"/>


        <category term="Offline" scheme="categories:resource_type#" label="File"/>




    </entry>


    <entry>
        <title>Occupation</title>
        <id>portfolio:artefact87594</id>

        <updated>2022-09-26T21:09:44+02:00</updated>
        <published>2022-09-26T21:09:44+02:00</published>




        <content>Etudiant </content>
        <rdf:type rdf:resource="leap2:entry"/>
        <mahara:artefactplugin mahara:type="occupation" mahara:plugin="internal"/>






    </entry>


    <entry>
        <title>Industry</title>
        <id>portfolio:artefact87595</id>

        <updated>2022-09-26T21:09:44+02:00</updated>
        <published>2022-09-26T21:09:44+02:00</published>




        <content>1er année en BUT Réseaux et Télécoms</content>
        <rdf:type rdf:resource="leap2:entry"/>
        <mahara:artefactplugin mahara:type="industry" mahara:plugin="internal"/>






    </entry>


    <entry>
        <title>images</title>
        <id>portfolio:artefact87596</id>

        <updated>2022-09-26T21:09:25+02:00</updated>
        <published>2022-09-26T21:09:25+02:00</published>




        <content>Fichiers Image</content>
        <rdf:type rdf:resource="leap2:selection"/>
        <mahara:artefactplugin mahara:type="folder" mahara:plugin="file"/>
        <link rel="leap2:has_part" href="portfolio:artefact87597"/>


        <category term="Folder" scheme="categories:selection_type#"/>




    </entry>


    <entry>
        <title>IMG_20220926_212559.jpg</title>
        <id>portfolio:artefact87597</id>

        <updated>2022-09-26T21:09:25+02:00</updated>
        <published>2022-09-26T21:09:25+02:00</published>

        <summary type="">Télécharger une image pour le profil</summary>


        <content type="xhtml"><div xmlns="http://www.w3.org/1999/xhtml"><div></div></div></content>
        <rdf:type rdf:resource="leap2:resource"/>
        <mahara:artefactplugin mahara:type="profileicon" mahara:plugin="file"/>
        <link rel="enclosure" type="image/jpeg" href="export_info/files/87597-IMG_20220926_212559.jpg"/>
        <link rel="leap2:is_part_of" href="portfolio:artefact87596"/>
        <link rel="related" href="portfolio:artefactinternal"/>


        <category term="Offline" scheme="categories:resource_type#" label="File"/>




    </entry>


    <entry>
        <title>Chen Henri_C Programming.pdf</title>
        <id>portfolio:artefact87601</id>

        <updated>2022-09-26T21:09:24+02:00</updated>
        <published>2022-09-26T21:09:24+02:00</published>




        <content type="xhtml"><div xmlns="http://www.w3.org/1999/xhtml"><div></div></div></content>
        <rdf:type rdf:resource="leap2:resource"/>
        <mahara:artefactplugin mahara:type="file" mahara:plugin="file"/>
        <link rel="enclosure" type="application/pdf" href="export_info/files/87601-Chen Henri_C Programming.pdf"/>


        <category term="Offline" scheme="categories:resource_type#" label="File"/>




    </entry>


    <entry>
        <title>photo.PNG</title>
        <id>portfolio:artefact87602</id>

        <updated>2022-09-26T21:09:41+02:00</updated>
        <published>2022-09-26T21:09:41+02:00</published>




        <content type="xhtml"><div xmlns="http://www.w3.org/1999/xhtml"><div></div></div></content>
        <rdf:type rdf:resource="leap2:resource"/>
        <mahara:artefactplugin mahara:type="image" mahara:plugin="file"/>
        <link rel="enclosure" type="image/png" href="export_info/files/87602-photo.PNG"/>


        <category term="Offline" scheme="categories:resource_type#" label="File"/>




    </entry>


    <entry>
        <title>Python pierre feuille ciseaux</title>
        <id>portfolio:artefact87603</id>

        <updated>2022-09-26T21:09:32+02:00</updated>
        <published>2022-09-26T21:09:32+02:00</published>




        <content>Deuxième jeu que j&#039;ai crée en python, aucune interface graphique.</content>
        <rdf:type rdf:resource="leap2:plan"/>
        <mahara:artefactplugin mahara:type="plan" mahara:plugin="plans"/>








    </entry>

    <entry>
        <title>Python Devine Chiffre</title>
        <id>portfolio:artefact87604</id>

        <updated>2022-09-26T21:09:52+02:00</updated>
        <published>2022-09-26T21:09:52+02:00</published>




        <content>Premier jeu crée avec python, le but est seulement de trouver le chiffres le moins de tentative possible.</content>
        <rdf:type rdf:resource="leap2:plan"/>
        <mahara:artefactplugin mahara:type="plan" mahara:plugin="plans"/>








    </entry>

    <entry>
        <title>Python Générateur de mdp</title>
        <id>portfolio:artefact87605</id>

        <updated>2022-09-26T21:09:09+02:00</updated>
        <published>2022-09-26T21:09:09+02:00</published>




        <content>Utilisation de la bibliothèque random afin de crée des mots de passe aléatoire.</content>
        <rdf:type rdf:resource="leap2:plan"/>
        <mahara:artefactplugin mahara:type="plan" mahara:plugin="plans"/>








    </entry>

    <entry>
        <title>Python Autoclicker</title>
        <id>portfolio:artefact87607</id>

        <updated>2022-09-26T21:09:28+02:00</updated>
        <published>2022-09-26T21:09:28+02:00</published>




        <content>Première utilisation de la bibliothèque Autogui permettant d&#039;automatisé certaines action de l&#039;ordinateur.</content>
        <rdf:type rdf:resource="leap2:plan"/>
        <mahara:artefactplugin mahara:type="plan" mahara:plugin="plans"/>








    </entry>

    <entry>
        <title>Chen Henri_C Programming.pdf.1</title>
        <id>portfolio:artefact87608</id>

        <updated>2022-09-26T21:09:00+02:00</updated>
        <published>2022-09-26T21:09:00+02:00</published>




        <content type="xhtml"><div xmlns="http://www.w3.org/1999/xhtml"><div></div></div></content>
        <rdf:type rdf:resource="leap2:resource"/>
        <mahara:artefactplugin mahara:type="file" mahara:plugin="file"/>
        <link rel="enclosure" type="application/pdf" href="export_info/files/87608-Chen Henri_C Programming.pdf.1"/>


        <category term="Offline" scheme="categories:resource_type#" label="File"/>




    </entry>


    <entry>
        <title>Centres d&#039;intérêt</title>
        <id>portfolio:artefact87609</id>

        <updated>2022-09-26T21:09:23+02:00</updated>
        <published>2022-09-26T21:09:23+02:00</published>




        <content type="xhtml"><div xmlns="http://www.w3.org/1999/xhtml"><div><p>J'ai 2 types de loisirs, le premiers étant le sport, je pratiquais et adore pratiquer différents type de sport comme le Badminton, la Course ou même du Basket.</p>
<p>Ensuite ce sont les loisirs impliquant les différents appareils, cela va des jeux jusqu'à la découverte a droite a gauche de nouvelle fonctionnalité des différents appareils ( se baladé dans les réglages et les fichier de l'ordinateur par exemple ). Je suis assez curieux et apprécie toucher tout les appareils.</p>
<p> </p>
<p> </p>
<p> </p>
<p> </p></div></div></content>
        <rdf:type rdf:resource="leap2:entry"/>
        <mahara:artefactplugin mahara:type="interest" mahara:plugin="resume"/>






    </entry>


    <entry>
        <title>Objectifs personnels</title>
        <id>portfolio:artefact87610</id>

        <updated>2022-09-26T21:09:48+02:00</updated>
        <published>2022-09-26T21:09:43+02:00</published>




        <content type="xhtml"><div xmlns="http://www.w3.org/1999/xhtml"><div><p>Dans mes objectifs personnels, je souhaiterais tout d'abord reprendre mes activités sportives en intégrants certainement l'AS badminton si mes horaires me le permettent, ensuite j'aimerais approfondir mes connaissances dans les différents langages de programmations dont je connais déjà certaines base, en l'occurrence le Python et le C. </p></div></div></content>
        <rdf:type rdf:resource="leap2:entry"/>
        <mahara:artefactplugin mahara:type="personalgoal" mahara:plugin="resume"/>






    </entry>


    <entry>
        <title>Objectifs académiques</title>
        <id>portfolio:artefact87611</id>

        <updated>2022-09-26T21:09:36+02:00</updated>
        <published>2022-09-26T21:09:20+02:00</published>




        <content type="xhtml"><div xmlns="http://www.w3.org/1999/xhtml"><div><p>Comme objectif académiques, naturellement ce serait de finir mes 3 d'études sans aucune difficulté même si cela va s'avérer compliqué. Si j'arrive a mené a bien cette objectifs je pourrais ainsi continuer dans une école d'ingénieur à la fin de ma formation.</p></div></div></content>
        <rdf:type rdf:resource="leap2:entry"/>
        <mahara:artefactplugin mahara:type="academicgoal" mahara:plugin="resume"/>






    </entry>


    <entry>
        <title>Objectifs de carrière</title>
        <id>portfolio:artefact87612</id>

        <updated>2022-09-26T21:09:18+02:00</updated>
        <published>2022-09-26T21:09:21+02:00</published>




        <content type="xhtml"><div xmlns="http://www.w3.org/1999/xhtml"><div><p>Pour mon objectif de carrière, je souhaite si possible travailler soit dans la cybersécurité ou devenir ingénieur réseaux. Cela me permettra de pouvoir travailler dans un milieu et un environnement que j'apprécie tout particulièrement.</p></div></div></content>
        <rdf:type rdf:resource="leap2:entry"/>
        <mahara:artefactplugin mahara:type="careergoal" mahara:plugin="resume"/>






    </entry>


    <entry>
        <title>Compétences personnelles</title>
        <id>portfolio:artefact87613</id>

        <updated>2022-09-26T22:10:04+02:00</updated>
        <published>2022-09-26T21:09:53+02:00</published>




        <content type="xhtml"><div xmlns="http://www.w3.org/1999/xhtml"><div><p>Je me décrirais comme autonome, sociable et je m'adapte assez rapidement a mon environnement.</p>
<p> </p></div></div></content>
        <rdf:type rdf:resource="leap2:ability"/>
        <mahara:artefactplugin mahara:type="personalskill" mahara:plugin="resume"/>






    </entry>


    <entry>
        <title>Compétences académiques</title>
        <id>portfolio:artefact87614</id>

        <updated>2022-09-26T22:10:28+02:00</updated>
        <published>2022-09-26T21:09:54+02:00</published>




        <content type="xhtml"><div xmlns="http://www.w3.org/1999/xhtml"><div><p>Dans mes compétences académiques je sais quand me mettre au travail, et j'arrive a me concentré sur ma tache.</p>
<p>Cela m'aide ainsi a finir des travaux assez long.</p></div></div></content>
        <rdf:type rdf:resource="leap2:ability"/>
        <mahara:artefactplugin mahara:type="academicskill" mahara:plugin="resume"/>






    </entry>


    <entry>
        <title>Compétences professionnelles</title>
        <id>portfolio:artefact87615</id>

        <updated>2022-09-26T22:10:05+02:00</updated>
        <published>2022-09-26T21:09:55+02:00</published>




        <content type="xhtml"><div xmlns="http://www.w3.org/1999/xhtml"><div><p>Etant donné que je n'ai pas encore de compétences professionnelles, je préfère me contenté de ne rien dire.</p></div></div></content>
        <rdf:type rdf:resource="leap2:ability"/>
        <mahara:artefactplugin mahara:type="workskill" mahara:plugin="resume"/>






    </entry>


    <entry>
        <title>Henri Chen</title>
        <id>portfolio:artefactinternal</id>

        <updated>2022-09-27T07:07:24+02:00</updated>





        <content type="html">&lt;p&gt;Bienvenue sur ma page de profile,&lt;/p&gt;
&lt;p&gt;Je m&#039;appelle Henri Chen, je suis actuellement en première année de BUT en réseaux et télécommunications a L&#039;UPEC site vitry.&lt;/p&gt;
&lt;p&gt;Je vous souhaite une bonne navigation dans mon E-portfolio.&lt;/p&gt;</content>
        <rdf:type rdf:resource="leap2:person"/>
        <mahara:artefactplugin mahara:type="internal" mahara:plugin="internal"/>
        <link rel="related" href="portfolio:artefact87597"/>


        <category term="Self" scheme="categories:person_type#"/>






        <leap2:persondata
            mahara:artefactplugin="internal"
            mahara:artefacttype="email"

            leap2:field="email"

            leap2:label="Adresse de courriel"

        >henri.chen@etu.u-pec.fr</leap2:persondata>

        <leap2:persondata
            mahara:artefactplugin="internal"
            mahara:artefacttype="email"

            leap2:field="email"

            leap2:label="Adresse de courriel"

        >Henrichen09@gmail.com</leap2:persondata>

        <leap2:persondata
            mahara:artefactplugin="internal"
            mahara:artefacttype="firstname"

            leap2:field="legal_given_name"

            leap2:label="Prénom"

        >Henri</leap2:persondata>

        <leap2:persondata
            mahara:artefactplugin="internal"
            mahara:artefacttype="homenumber"

            leap2:field="homephone"

            leap2:label="Téléphone privé"

        >0768220490</leap2:persondata>

        <leap2:persondata
            mahara:artefactplugin="internal"
            mahara:artefacttype="lastname"

            leap2:field="legal_family_name"

            leap2:label="Nom"

        >CHEN</leap2:persondata>

        <leap2:persondata
            mahara:artefactplugin="internal"
            mahara:artefacttype="mobilenumber"

            leap2:field="mobile"

            leap2:label="Téléphone mobile"

        >0768220490</leap2:persondata>

        <leap2:persondata
            mahara:artefactplugin="internal"
            mahara:artefacttype="preferredname"

            leap2:field="preferred_given_name"

            leap2:label="Nom préféré"

        >Henri Chen</leap2:persondata>

        <leap2:persondata
            mahara:artefactplugin="internal"
            mahara:artefacttype="socialprofile"

            leap2:field="id"

            leap2:label="Facebook"

            leap2:service="facebook"

        >Henri Chen</leap2:persondata>

        <leap2:persondata
            mahara:artefactplugin="internal"
            mahara:artefacttype="socialprofile"

            leap2:field="id"

            leap2:label="Twitter"

            leap2:service="twitter"

        >@Chenhenri4</leap2:persondata>

        <leap2:persondata
            mahara:artefactplugin="internal"
            mahara:artefacttype="socialprofile"

            leap2:field="id"

            leap2:label="Instagram"

            leap2:service="instagram"

        >chen._.henri</leap2:persondata>

        <leap2:persondata
            mahara:artefactplugin="internal"
            mahara:artefacttype="studentid"

            leap2:field="other"

            leap2:label="Identifiant étudiant"

        >u32217299</leap2:persondata>

        <leap2:persondata
            mahara:artefactplugin="resume"
            mahara:artefacttype="personalinformation/dateofbirth"

            leap2:field="dob"

            leap2:label="Date de naissance"

        >2004-12-09T00:12:00+01:00</leap2:persondata>

        <leap2:persondata
            mahara:artefactplugin="resume"
            mahara:artefacttype="personalinformation/placeofbirth"

            leap2:field="other" mahara:field="placeofbirth"

            leap2:label="Lieu de naissance"

        >Paris</leap2:persondata>

        <leap2:persondata
            mahara:artefactplugin="resume"
            mahara:artefacttype="personalinformation/citizenship"

            leap2:field="other" mahara:field="citizenship"

            leap2:label="Citoyenneté"

        >Européen</leap2:persondata>

        <leap2:persondata
            mahara:artefactplugin="resume"
            mahara:artefacttype="personalinformation/visastatus"

            leap2:field="other" mahara:field="visastatus"

            leap2:label="Type de visa"

        >Français</leap2:persondata>

        <leap2:persondata
            mahara:artefactplugin="resume"
            mahara:artefacttype="personalinformation/gender"

            leap2:field="gender"

            leap2:label="[[gender/artefact.resume]]"

        >1</leap2:persondata>


        <leap2:spatial>

            <leap2:addressline mahara:artefacttype="address">7 Rue de la Résistance 93230</leap2:addressline>

            <leap2:country mahara:artefacttype="country" leap2:countrycode="fra">France</leap2:country>

            <leap2:addressline mahara:artefacttype="town">Romainville </leap2:addressline>

        </leap2:spatial>

    </entry>

</feed>
