<?xml version="1.0" encoding="utf-8"?>
<feed xmlns="http://www.w3.org/2005/Atom"
    xmlns:rdf="http://www.w3.org/1999/02/22-rdf-syntax-ns#"
    xmlns:leap2="http://terms.leapspecs.org/"
    xmlns:categories="http://wiki.leapspecs.org/2A/categories/"
    xmlns:portfolio="https://eportfolio.u-pec.fr/export/leap/3591/1665663560/"
    xmlns:mahara="http://wiki.mahara.org/Developer_Area/Import%2F%2FExport/LEAP_Extensions#"
>
    <leap2:version>http://www.leapspecs.org/2010-07/2A/</leap2:version>
    <id>https://eportfolio.u-pec.fr/export/3591/1665663560</id>
    <title>Mahara Leap2A Export for Henri CHEN, 13/10/2022 14:19</title>
    <updated>2022-10-13T14:02:20+02:00</updated>
    <generator uri="https://mahara.org/" version="2008122400">Mahara</generator>
    <author>
        <name>Henri CHEN</name>
        <email>henri.chen@etu.u-pec.fr</email>
        <uri>portfolio:artefactinternal</uri>
    </author>

    <entry>
        <title>Profile page</title>
        <id>portfolio:view30791</id>

        <updated>2022-10-08T18:06:13+02:00</updated>
        <published>2022-09-20T16:04:08+02:00</published>

        <summary type="xhtml"><div xmlns="http://www.w3.org/1999/xhtml"><div>Your profile page is what others see when they click on your name or profile picture.</div></div></summary>

   <subtitle type="xhtml"><div xmlns="http://www.w3.org/1999/xhtml"><div></div></div></subtitle>
        <content type="xhtml"><div xmlns="http://www.w3.org/1999/xhtml"><div><div id="user_block_133600"><div class="bt-profileinfo gridstackblock card card-secondary card-regular clearfix" id="user_blockinstance_133600">
    
    
    
        <h2 class="title card-header js-heading">
            

            <span class="collapse-inline">
                Introduction
                
            </span>

            

        </h2>
    

    <div class="block" id="user_blockinstance_133600_target">
        
        
            
    
    <div class="card-body flush">
    
    
    
        <p> </p>
<p><em>Bienvenue sur ma page de profile,</em></p>
<p><em>Je m'appelle Henri Chen, je suis actuellement en première année de BUT en réseaux et télécommunications a L'UPEC site vitry.</em></p>
<p><em>Je vous souhaite une bonne navigation dans mon E-portfolio.</em></p>
<p> </p>
<p> </p>
<p> </p>
<p> </p>
<p> </p>
<p> </p>
    
    
    
    
    
    </div>
    


        
    </div>
</div>
</div><div id="user_block_133637"><div class="bt-image gridstackblock card card-secondary clearfix" id="user_blockinstance_133637">
    
    
    
        <h2 class="title card-header js-heading">
            

            <span class="collapse-inline">
                Photo
                
            </span>

            

        </h2>
    

    <div class="block" id="user_blockinstance_133637_target">
        
        
            
        
    </div>
</div>
</div><div id="user_block_133629"><div class="bt-profileinfo gridstackblock card card-secondary card-regular clearfix" id="user_blockinstance_133629">
    
    
    
        <h2 class="title card-header js-heading">
            

            <span class="collapse-inline">
                Profil 
                
            </span>

            

        </h2>
    

    <div class="block" id="user_blockinstance_133629_target">
        
        
            
    
    <div class="card-body flush">
    
    
    
    
        <ul class="unstyled profile-info">
        
            <li><strong>Prénom:</strong> Henri</li>
        
            <li><strong>Nom:</strong> CHEN</li>
        
            <li><strong>Identifiant étudiant:</strong> u32217299</li>
        
        </ul>
    
    
    
    
    </div>
    


        
    </div>
</div>
</div><div id="user_block_133634"><div class="bt-externalvideo gridstackblock card card-secondary card-brand clearfix" id="user_blockinstance_133634">
    
    
    
        <h2 class="title card-header js-heading">
            

            <span class="collapse-inline">
                Localisation
                
            </span>

            

        </h2>
    

    <div class="block" id="user_blockinstance_133634_target">
        
        
            <div class="mediaplayer-container text-center card-body">
  <div id="user_vid_133634" class="mediaplayer" style="margin:0 auto;">
    <a class="embedly-card" href="https://www.google.fr/maps/place/7+Rue+de+la+R%C3%A9sistance,+93230+Romainville/@48.8819583,2.4324439,17.29z/data=!4m5!3m4!1s0x47e66d1655fa81a3:0xb66abbbde2879fce!8m2!3d48.8819136!4d2.4336606"></a>
    
  </div>
</div>

        
    </div>
</div>
</div><div id="user_block_133631"><div class="bt-profileinfo gridstackblock card card-secondary card-regular clearfix" id="user_blockinstance_133631">
    
    
    
        <h2 class="title card-header js-heading">
            

            <span class="collapse-inline">
                Réseaux sociaux
                
            </span>

            

        </h2>
    

    <div class="block" id="user_blockinstance_133631_target">
        
        
            
    
    <div class="card-body flush">
    
    
    
    
    
        <h3 class="sr-only">Réseaux sociaux</h3>
        <ul class="unstyled profile-info">
        
            <li><strong>Facebook:</strong>
                <a href="https://www.facebook.com/Henri%20Chen" title="https://www.facebook.com/Henri Chen">Henri Chen</a>
            </li>
        
            <li><strong>Instagram:</strong>
                <a href="https://instagram.com/chen._.henri/" title="https://instagram.com/chen._.henri/">chen._.henri</a>
            </li>
        
            <li><strong>Twitter:</strong>
                <a href="https://twitter.com/Chenhenri4" title="https://twitter.com/Chenhenri4">@Chenhenri4</a>
            </li>
        
        </ul>
    
    
    
    </div>
    


        
    </div>
</div>
</div><div id="user_block_133646"><div class="bt-text gridstackblock card card-secondary clearfix" id="user_blockinstance_133646">
    
    
        <div class="block-header quick-edit d-none">
    <a class="modal_link list-group-heading" href="#" title="Édition rapide">
        <span class="icon icon-pencil-alt" title="Édition rapide"></span>
        Édition rapide
    </a>
</div>

    
    
        <h2 class="title card-header js-heading">
            

            <span class="collapse-inline">
                Information comp
                
            </span>

            

        </h2>
    

    <div class="block" id="user_blockinstance_133646_target">
        
        
            

<div class="textblock card-body flush">
<p><strong>Date de naissance:</strong> 9 Décembre 2004  </p>
<p><strong>Pays de naissance:</strong> France  </p>
<p><strong>Origine:</strong> Chinois</p>
</div>


        
    </div>
</div>
</div><div id="user_block_133657"><div class="bt-internalmedia gridstackblock card card-secondary clearfix" id="user_blockinstance_133657">
    
    
    
        <h2 class="title card-header js-heading">
            

            <span class="collapse-inline">
                Vidéo présentation
                
            </span>

            

        </h2>
    

    <div class="block" id="user_blockinstance_133657_target">
        
        
            
        
    </div>
</div>
</div><div id="user_block_133662"><div class="bt-entireresume gridstackblock card card-secondary clearfix" id="user_blockinstance_133662">
    
    
    
        <h2 class="title card-header js-heading">
            

            <span class="collapse-inline">
                Curriculum Vitae
                
            </span>

            

        </h2>
    

    <div class="block" id="user_blockinstance_133662_target">
        
        
            
<div class="list-group">
    

    
    <div class="list-group-item flush">
        <h3 class="title">Centres d'intérêt</h3>
        
    <div class="card-body flush">
        <p>J'ai 2 types de loisirs, le premiers étant le sport, je pratiquais et adore pratiquer différents type de sport comme le Badminton, la Course ou même du Basket.</p>
<p>Ensuite ce sont les loisirs impliquant différents appareils, cela va des jeux jusqu'à la découverte a droite a gauche de nouvelle fonctionnalité des différents appareils ( se balader dans les réglages et les fichier de l'ordinateur par exemple ). Je suis assez curieux et apprécie toucher tous les appareils.</p>
<p> </p>
<p> </p>
<p> </p>
<p> </p>
    </div>


    </div>
    

    

    
    <div class="list-group-item flush">
        <h3 class="title">Informations personnelles</h3>
        <div class="card-body flush">
    <table class="table resumepersonalinfo profile-info">
    
        
        <tr>
            <th>Date de naissance</th>
            <td>09 December 2004</td>
        </tr>
        
    
        
        <tr>
            <th>Lieu de naissance</th>
            <td>Paris</td>
        </tr>
        
    
        
        <tr>
            <th>Citoyenneté</th>
            <td>Européen</td>
        </tr>
        
    
        
        <tr>
            <th>Type de visa</th>
            <td>Français</td>
        </tr>
        
    
        
        <tr>
            <th>Sexe</th>
            <td>Homme</td>
        </tr>
        
    
        
    
    </table>
    
</div>

    </div>
    

    
        <div class="list-group-item flush">
            
            <div class="resume-content">
                <h3 class="title">Objectifs personnels</h3>
                <div class="card-body flush">
<p>Dans mes objectifs personnels, je souhaiterais tout d'abord reprendre mes activités sportives en intégrant certainement l'AS badminton si mes horaires me le permettent, ensuite j'aimerais approfondir mes connaissances dans les différents langages de programmations dont je connais déjà certaines bases, en l'occurrence le Python et le C. </p>


</div>

            </div>
            

            
            <div class="resume-content">
                <h3 class="title">Objectifs académiques</h3>
                <div class="card-body flush">
<p>Comme objectif académiques, naturellement ce serait de finir mes 3 années d'études sans aucune difficulté même si cela va s'avérer compliqué. Si j'arrive à mener à bien cet objectif je pourrais ainsi continuer dans une école d'ingénieur à la fin de ma formation.</p>


</div>

            </div>
            

            
            <div class="resume-content">
                <h3 class="title">Objectifs de carrière</h3>
                <div class="card-body flush">
<p>Pour mon objectif de carrière, je souhaite si possible travailler soit dans la cybersécurité ou devenir ingénieur réseaux. Cela me permettra de pouvoir travailler dans un milieu et un environnement que j'apprécie tout particulièrement.</p>


</div>

            </div>
            

        </div>
    

    
        <div class="list-group-item flush">
            
            <div class="resume-content">
                <h3 class="title">Compétences personnelles</h3>
                <div class="card-body flush">
<p>Je me décrirais comme autonome, sociable et je m'adapte assez rapidement a mon environnement.</p>
<p>Je sais parler en plus du Français, le chinois ( niveau intermédiaire ), l'anglais (niveau intermédiaire) et pour finir l'espagnol (niveau basique).</p>


</div>

            </div>
            

            
            <div class="resume-content">
                <h3 class="title">Compétences académiques</h3>
                <div class="card-body flush">
<p>Dans mes compétences académiques je sais quand me mettre au travail, et j'arrive à me concentrer sur ma tâche.</p>
<p>Cela m'aide ainsi a finir des travaux assez long.</p>
<p>J'ai un niveau correct en Python</p>
<p>et je débute en langage C</p>


</div>

            </div>
            

            
            <div class="resume-content">
                <h3 class="title">Compétences professionnelles</h3>
                <div class="card-body flush">
<p>Etant donné que je n'ai pas encore effectué de vrai stage ou travaillé dans une entreprise, je ne connais pas encore exactement mes compétences professionnelles.</p>


</div>

            </div>
            
        </div>
    

    


    
    <div class="list-group-item flush">
        <h3 class="title">Certifications, accréditations et prix obtenus</h3>
        <div class="resume-content">


<div id="user_certificationlist_78bf" class="list-group list-group-lite list-group-top-border">
    
    <div class="list-group-item flush-collapsible">

        
            <h4 class="list-group-item-heading">
                <a href="#certification-content-299" class="text-left collapsed collapsible">
                    Certification Pix
                    <span class="icon icon-chevron-down float-right collapse-indicator"></span>
                </a>
            </h4>
        
        <span class="text-small text-muted">
            17 mars 2022
        </span>

        <div id="user_certification-content-299" class="collapse resume-content">
            

            
            <div class="has-attachment card">
                <div class="card-header">
                    <span class="icon icon-paperclip left icon-sm"></span>
                    <span class="text-small">Fichiers joints</span>
                    <span class="metadata">(1)</span>
                </div>
                <div class="block-header d-none btn-top-right btn-group-top bh-displayiconsonly">
    
        <a class="modal_link list-group-heading btn btn-secondary" href="#" title="Détails">
            <span class="icon icon-search-plus bh-details-only" title="Détails"></span>
            
        </a>
    
</div>

                    
                    
                        <a class="modal_link file-icon-link" href="#">
                        
                            <span class="icon icon-file left icon-lg text-default file-icon"></span>
                        
                        </a>
                    
                        <span class="title">
                        
                            <a class="modal_link" href="#">
                        
                            <span class="text-small">attestation-pix-20220318.pdf</span>
                        
                            </a>
                        
                        </span>
                        <a rel="leap2:has_part" href="portfolio:artefact86455" class="download-link">
                            <span class="icon icon-download icon-lg float-right text-watermark icon-action" title="Télécharger attestation-pix-20220318.pdf [89.6K]"></span>
                        </a>
                    
                    
                    
                
            </div>
            
        </div>
    </div>
    
    <div class="list-group-item flush-collapsible">

        
            <h4 class="list-group-item-heading">
                <a href="#certification-content-331" class="text-left collapsed collapsible">
                    Certificat Programing Hub C Language 
                    <span class="icon icon-chevron-down float-right collapse-indicator"></span>
                </a>
            </h4>
        
        <span class="text-small text-muted">
            24 Août 2022
        </span>

        <div id="user_certification-content-331" class="collapse resume-content">
            

            
            <div class="has-attachment card">
                <div class="card-header">
                    <span class="icon icon-paperclip left icon-sm"></span>
                    <span class="text-small">Fichiers joints</span>
                    <span class="metadata">(1)</span>
                </div>
                <div class="block-header d-none btn-top-right btn-group-top bh-displayiconsonly">
    
        <a class="modal_link list-group-heading btn btn-secondary" href="#" title="Détails">
            <span class="icon icon-search-plus bh-details-only" title="Détails"></span>
            
        </a>
    
</div>

                    
                    
                        <a class="modal_link file-icon-link" href="#">
                        
                            <span class="icon icon-file left icon-lg text-default file-icon"></span>
                        
                        </a>
                    
                        <span class="title">
                        
                            <a class="modal_link" href="#">
                        
                            <span class="text-small">Chen Henri_C Programming.pdf.1</span>
                        
                            </a>
                        
                        </span>
                        <a rel="leap2:has_part" href="portfolio:artefact87608" class="download-link">
                            <span class="icon icon-download icon-lg float-right text-watermark icon-action" title="Télécharger Chen Henri_C Programming.pdf.1 [178.5K]"></span>
                        </a>
                    
                    
                    
                
            </div>
            
        </div>
    </div>
    
</div>
</div>
    </div>
    

    

    
</div>


        
    </div>
</div>
</div><div id="user_block_133638"><div class="bt-plans gridstackblock card card-secondary clearfix" id="user_blockinstance_133638">
    
    
    
        <h2 class="title card-header js-heading">
            

            <span class="collapse-inline">
                Petits projets effectué 
                
            </span>

            

        </h2>
    

    <div class="block" id="user_blockinstance_133638_target">
        
        
            

    <div class="listing">
        

        
            <div class="details-before-list-group">
        
        
            <h3 class="title">Python pierre feuille ciseaux</h3>
        
        
            <p class="text-midtone description">Deuxième jeu que j'ai crée en python, aucune interface graphique.</p>
        
        
        
            </div>
        

        
            <div class="lead text-center content-text">Pas de tâche à afficher.</div>
        
    </div>

    <div class="listing">
        

        
            <div class="details-before-list-group">
        
        
            <h3 class="title">Python Devine Chiffre</h3>
        
        
            <p class="text-midtone description">Premier jeu crée avec python, le but est seulement de trouver le chiffres le moins de tentative possible.</p>
        
        
        
            </div>
        

        
            <div class="lead text-center content-text">Pas de tâche à afficher.</div>
        
    </div>

    <div class="listing">
        

        
            <div class="details-before-list-group">
        
        
            <h3 class="title">Python Générateur de mdp</h3>
        
        
            <p class="text-midtone description">Utilisation de la bibliothèque random afin de crée des mots de passe aléatoire.</p>
        
        
        
            </div>
        

        
            <div class="lead text-center content-text">Pas de tâche à afficher.</div>
        
    </div>

    <div class="listing">
        

        
            <div class="details-before-list-group">
        
        
            <h3 class="title">Python Autoclicker</h3>
        
        
            <p class="text-midtone description">Première utilisation de la bibliothèque Autogui permettant d'automatisé certaines action de l'ordinateur.</p>
        
        
        
            </div>
        

        
            <div class="lead text-center content-text">Pas de tâche à afficher.</div>
        
    </div>


        
    </div>
</div>
</div><div id="user_block_133680"><div class="bt-myviews gridstackblock card card-secondary clearfix" id="user_blockinstance_133680">
    
    
    
        <h2 class="title card-header js-heading">
            

            <span class="collapse-inline">
                Mes portfolios
                
            </span>

            

        </h2>
    

    <div class="block" id="user_blockinstance_133680_target">
        
        
            
    <div class="list-group">
        <div id="user_myviewlist">
            
    <div class="list-group-item flush">
        <h3 class="title list-group-item-heading text-inline">
            <a href="https://eportfolio.u-pec.fr/view/view.php?id=30803">Découverte de Mahara</a>
        </h3>

        

        
        <div class="list-group-item-text text-small">
            Mes premier pas sur Mahara.  
Première séance de la SAE 14
        </div>
        

        
    </div>


        </div>
    
        <div id="user_myviews_page_container" class="d-none"><div id="user_myviews_pagination" class="pagination-wrapper center"><div class="lead text-small results float-right">1 résultat</div></div></div>
    
    
    
    
    </div>


        
    </div>
</div>
</div><div id="user_block_135154"><div class="bt-text gridstackblock card card-secondary clearfix" id="user_blockinstance_135154">
    
    
        <div class="block-header quick-edit d-none">
    <a class="modal_link list-group-heading" href="#" title="Édition rapide">
        <span class="icon icon-pencil-alt" title="Édition rapide"></span>
        Édition rapide
    </a>
</div>

    
    
        <h2 class="title card-header js-heading">
            

            <span class="collapse-inline">
                Parcours
                
            </span>

            

        </h2>
    

    <div class="block" id="user_blockinstance_135154_target">
        
        
            

<div class="textblock card-body flush">
<ul>
<li>Collège Claude Chappe =</li>
</ul>
<p>-Choix de la langue Espagnol en LV3</p>
<p>-Stage dans une entreprise de vente en ligne</p>
<p>-Obtention du brevet</p>
<p> </p>
<ul>
<li>Lycée Paul Valéry</li>
</ul>
<p>-Choix des spécialités Ses, Nsi, Llce</p>
<p>-Inscription a l'AS badminton</p>
<p>-Obtention du baccalauréat</p>
<p> </p>
<p>         </p>
</div>


        
    </div>
</div>
</div></div></div></content>
        <rdf:type rdf:resource="leap2:selection"/>

        <link rel="leap2:has_part" href="portfolio:artefact86382"/>
        <link rel="leap2:has_part" href="portfolio:artefact86383"/>
        <link rel="leap2:has_part" href="portfolio:artefact86384"/>
        <link rel="leap2:has_part" href="portfolio:artefact87591"/>
        <link rel="leap2:has_part" href="portfolio:artefact87592"/>
        <link rel="leap2:has_part" href="portfolio:artefact87593"/>
        <link rel="leap2:has_part" href="portfolio:artefact86454"/>
        <link rel="leap2:has_part" href="portfolio:artefact86497"/>
        <link rel="leap2:has_part" href="portfolio:artefact87612"/>
        <link rel="leap2:has_part" href="portfolio:artefact87609"/>
        <link rel="leap2:has_part" href="portfolio:artefact87611"/>
        <link rel="leap2:has_part" href="portfolio:artefact87613"/>
        <link rel="leap2:has_part" href="portfolio:artefact87615"/>
        <link rel="leap2:has_part" href="portfolio:artefact87614"/>
        <link rel="leap2:has_part" href="portfolio:artefact87610"/>
        <link rel="leap2:has_part" href="portfolio:artefact87603"/>
        <link rel="leap2:has_part" href="portfolio:artefact87604"/>
        <link rel="leap2:has_part" href="portfolio:artefact87605"/>
        <link rel="leap2:has_part" href="portfolio:artefact87607"/>


        <category term="Webpage" scheme="categories:selection_type#"/>





        <mahara:view mahara:newlayout="1" mahara:type="profile" mahara:ownerformat="6">
        
            
            <mahara:blockinstance mahara:blocktype="profileinfo" mahara:blocktitle="Introduction" mahara:positionx="0" mahara:positiony="0" mahara:height="32" mahara:width="9">
                
                    
                    <mahara:fields>[[]]</mahara:fields>
                    
                
                    
                    <mahara:introtext>[&quot;&lt;p&gt;&amp;nbsp;&lt;\/p&gt;\r\n&lt;p&gt;&lt;em&gt;Bienvenue sur ma page de profile,&lt;\/em&gt;&lt;\/p&gt;\r\n&lt;p&gt;&lt;em&gt;Je m&#039;appelle Henri Chen, je suis actuellement en premi&amp;egrave;re ann&amp;eacute;e de BUT en r&amp;eacute;seaux et t&amp;eacute;l&amp;eacute;communications a L&#039;UPEC site vitry.&lt;\/em&gt;&lt;\/p&gt;\r\n&lt;p&gt;&lt;em&gt;Je vous souhaite une bonne navigation dans mon E-portfolio.&lt;\/em&gt;&lt;\/p&gt;\r\n&lt;p&gt;&amp;nbsp;&lt;\/p&gt;\r\n&lt;p&gt;&amp;nbsp;&lt;\/p&gt;\r\n&lt;p&gt;&amp;nbsp;&lt;\/p&gt;\r\n&lt;p&gt;&amp;nbsp;&lt;\/p&gt;\r\n&lt;p&gt;&amp;nbsp;&lt;\/p&gt;\r\n&lt;p&gt;&amp;nbsp;&lt;\/p&gt;&quot;]</mahara:introtext>
                    
                
                
                
            </mahara:blockinstance>
            
            <mahara:blockinstance mahara:blocktype="image" mahara:blocktitle="Photo" mahara:positionx="9" mahara:positiony="0" mahara:height="25" mahara:width="2">
                
                    
                    <mahara:artefactid></mahara:artefactid>
                    
                
                    
                    <mahara:showdescription>[false]</mahara:showdescription>
                    
                
                    
                    <mahara:width>[&quot;&quot;]</mahara:width>
                    
                
                    
                    <mahara:retractable>[0]</mahara:retractable>
                    
                
                    
                    <mahara:retractedonload>[0]</mahara:retractedonload>
                    
                
                
                
            </mahara:blockinstance>
            
            <mahara:blockinstance mahara:blocktype="profileinfo" mahara:blocktitle="Profil " mahara:positionx="0" mahara:positiony="32" mahara:height="12" mahara:width="4">
                
                    
                    <mahara:fields>[[&quot;firstname&quot;,&quot;lastname&quot;,&quot;studentid&quot;]]</mahara:fields>
                    
                
                    
                    <mahara:introtext>[&quot;&quot;]</mahara:introtext>
                    
                
                
                
            </mahara:blockinstance>
            
            <mahara:blockinstance mahara:blocktype="externalvideo" mahara:blocktitle="Localisation" mahara:positionx="4" mahara:positiony="32" mahara:height="43" mahara:width="8">
                
                    
                    <mahara:videoid>[&quot;&lt;a class=\&quot;embedly-card\&quot; href=\&quot;https:\/\/www.google.fr\/maps\/place\/7+Rue+de+la+R%C3%A9sistance,+93230+Romainville\/@48.8819583,2.4324439,17.29z\/data=!4m5!3m4!1s0x47e66d1655fa81a3:0xb66abbbde2879fce!8m2!3d48.8819136!4d2.4336606\&quot;&gt;&lt;\/a&gt;&quot;]</mahara:videoid>
                    
                
                    
                    <mahara:width>[640]</mahara:width>
                    
                
                    
                    <mahara:height>[480]</mahara:height>
                    
                
                    
                    <mahara:tags>[null]</mahara:tags>
                    
                
                    
                    <mahara:retractable>[0]</mahara:retractable>
                    
                
                    
                    <mahara:retractedonload>[0]</mahara:retractedonload>
                    
                
                    
                    <mahara:html>[&quot;&lt;a class=\&quot;embedly-card\&quot; href=\&quot;https:\/\/www.google.fr\/maps\/place\/7+Rue+de+la+R%C3%A9sistance,+93230+Romainville\/@48.8819583,2.4324439,17.29z\/data=!4m5!3m4!1s0x47e66d1655fa81a3:0xb66abbbde2879fce!8m2!3d48.8819136!4d2.4336606\&quot;&gt;&lt;\/a&gt;&quot;]</mahara:html>
                    
                
                
                
            </mahara:blockinstance>
            
            <mahara:blockinstance mahara:blocktype="profileinfo" mahara:blocktitle="Réseaux sociaux" mahara:positionx="0" mahara:positiony="44" mahara:height="12" mahara:width="4">
                
                    
                    <mahara:fields>[[&quot;socialprofile&quot;,&quot;socialprofile&quot;,&quot;socialprofile&quot;]]</mahara:fields>
                    
                
                    
                    <mahara:introtext>[&quot;&quot;]</mahara:introtext>
                    
                
                
                
            </mahara:blockinstance>
            
            <mahara:blockinstance mahara:blocktype="text" mahara:blocktitle="Information comp" mahara:positionx="0" mahara:positiony="56" mahara:height="19" mahara:width="4">
                
                    
                    <mahara:text>[&quot;&lt;p&gt;&lt;strong&gt;Date de naissance:&lt;\/strong&gt; 9 D&amp;eacute;cembre 2004 &amp;nbsp;&lt;\/p&gt;\r\n&lt;p&gt;&lt;strong&gt;Pays de naissance:&lt;\/strong&gt; France &amp;nbsp;&lt;\/p&gt;\r\n&lt;p&gt;&lt;strong&gt;Origine:&lt;\/strong&gt; Chinois&lt;\/p&gt;&quot;]</mahara:text>
                    
                
                    
                    <mahara:instructions></mahara:instructions>
                    
                
                
                
            </mahara:blockinstance>
            
            <mahara:blockinstance mahara:blocktype="internalmedia" mahara:blocktitle="Vidéo présentation" mahara:positionx="0" mahara:positiony="75" mahara:height="44" mahara:width="12">
                
                    
                    <mahara:artefactid></mahara:artefactid>
                    
                
                    
                    <mahara:retractable>[0]</mahara:retractable>
                    
                
                    
                    <mahara:retractedonload>[0]</mahara:retractedonload>
                    
                
                
                
            </mahara:blockinstance>
            
            <mahara:blockinstance mahara:blocktype="entireresume" mahara:blocktitle="Curriculum Vitae" mahara:positionx="0" mahara:positiony="119" mahara:height="143" mahara:width="12">
                
                    
                    <mahara:tags>[null]</mahara:tags>
                    
                
                    
                    <mahara:retractable>[0]</mahara:retractable>
                    
                
                    
                    <mahara:retractedonload>[0]</mahara:retractedonload>
                    
                
                
                
            </mahara:blockinstance>
            
            <mahara:blockinstance mahara:blocktype="plans" mahara:blocktitle="Petits projets effectué " mahara:positionx="0" mahara:positiony="262" mahara:height="45" mahara:width="6">
                
                    
                    <mahara:artefactids>[[&quot;portfolio:artefact87603&quot;,&quot;portfolio:artefact87604&quot;,&quot;portfolio:artefact87605&quot;,&quot;portfolio:artefact87607&quot;]]</mahara:artefactids>
                    
                
                    
                    <mahara:count>[&quot;4&quot;]</mahara:count>
                    
                
                    
                    <mahara:retractable>[1]</mahara:retractable>
                    
                
                    
                    <mahara:retractedonload>[1]</mahara:retractedonload>
                    
                
                
                
            </mahara:blockinstance>
            
            <mahara:blockinstance mahara:blocktype="myviews" mahara:blocktitle="E-portfolio" mahara:positionx="6" mahara:positiony="262" mahara:height="12" mahara:width="6">
                
                
                
            </mahara:blockinstance>
            
            <mahara:blockinstance mahara:blocktype="text" mahara:blocktitle="Parcours" mahara:positionx="6" mahara:positiony="274" mahara:height="32" mahara:width="6">
                
                    
                    <mahara:text>[&quot;&lt;ul&gt;\r\n&lt;li&gt;Coll&amp;egrave;ge Claude Chappe =&lt;\/li&gt;\r\n&lt;\/ul&gt;\r\n&lt;p&gt;-Choix de la langue Espagnol en LV3&lt;\/p&gt;\r\n&lt;p&gt;-Stage dans une entreprise de vente en ligne&lt;\/p&gt;\r\n&lt;p&gt;-Obtention du brevet&lt;\/p&gt;\r\n&lt;p&gt;&amp;nbsp;&lt;\/p&gt;\r\n&lt;ul&gt;\r\n&lt;li&gt;Lyc&amp;eacute;e Paul Val&amp;eacute;ry&lt;\/li&gt;\r\n&lt;\/ul&gt;\r\n&lt;p&gt;-Choix des sp&amp;eacute;cialit&amp;eacute;s Ses, Nsi, Llce&lt;\/p&gt;\r\n&lt;p&gt;-Inscription a l&#039;AS badminton&lt;\/p&gt;\r\n&lt;p&gt;-Obtention du baccalaur&amp;eacute;at&lt;\/p&gt;\r\n&lt;p&gt;&amp;nbsp;&lt;\/p&gt;\r\n&lt;p&gt;&amp;nbsp; &amp;nbsp; &amp;nbsp; &amp;nbsp; &amp;nbsp;&lt;\/p&gt;&quot;]</mahara:text>
                    
                
                    
                    <mahara:instructions></mahara:instructions>
                    
                
                
                
            </mahara:blockinstance>
            
        
        </mahara:view>
    </entry>

    <entry>
        <title>Dashboard page</title>
        <id>portfolio:view30792</id>

        <updated>2022-10-08T18:06:11+02:00</updated>
        <published>2022-09-20T16:04:08+02:00</published>

        <summary type="xhtml"><div xmlns="http://www.w3.org/1999/xhtml"><div></div></div></summary>

   <subtitle type="xhtml"><div xmlns="http://www.w3.org/1999/xhtml"><div></div></div></subtitle>
        <content type="xhtml"><div xmlns="http://www.w3.org/1999/xhtml"><div><div id="user_block_131991"><div class="bt-newviews gridstackblock card card-secondary clearfix" id="user_blockinstance_131991">
    
    
    
        <h2 class="title card-header js-heading">
            

            <span class="collapse-inline">
                Portfolios partagés avec moi
                
            </span>

            

        </h2>
    

    <div class="block" id="user_blockinstance_131991_target">
        
        
            
<div class="card-body">
    <p class="lead text-small">Aucunes pages ni collections</p>
</div>


        
    </div>
</div>
</div><div id="user_block_131989"><div class="bt-inbox gridstackblock card card-secondary clearfix" id="user_blockinstance_131989">
    
    
    
        <h2 class="title card-header js-heading">
            

            <span class="collapse-inline">
                Boîte de réception
                
            </span>

            

        </h2>
    

    <div class="block" id="user_blockinstance_131989_target">
        
        
            
    <div id="user_inboxblock" class="inboxblock list-group">
        
        <div class="collapsible list-group-item flush-collapsible">
            
                <h3 class="title list-group-item-heading"><a class="collapsed link-block" href="#message_content_maharamessage_53234">
                    
                        <span class="icon icon-wrench text-default left"></span>
                    
                    <span class="sr-only">Messages système</span>
                    <span class="subject">Confirmation d'affiliation à une institution</span>
                    <span class="icon icon-chevron-down collapse-indicator float-right"></span>
                </a></h3>
            
            <div class="collapse" id="user_message_content_maharamessage_53234">
                
                    <p class="content-text">Vous êtes maintenant membre de UPEC.</p>
                    
                    
                
            </div>
        </div>
        
    </div>
    
    


        
    </div>
</div>
</div><div id="user_block_131988"><div class="bt-inbox gridstackblock card card-secondary clearfix" id="user_blockinstance_131988">
    
    
    
        <h2 class="title card-header js-heading">
            

            <span class="collapse-inline">
                Sujets que je suis
                
            </span>

            

        </h2>
    

    <div class="block" id="user_blockinstance_131988_target">
        
        
            
    <div class="card-body">
        <p class="lead text-small">Pas de messages</p>
    </div>


        
    </div>
</div>
</div><div id="user_block_131990"><div class="bt-myviews gridstackblock card card-secondary clearfix" id="user_blockinstance_131990">
    
    
    
        <h2 class="title card-header js-heading">
            

            <span class="collapse-inline">
                Mes portfolios
                
            </span>

            

        </h2>
    

    <div class="block" id="user_blockinstance_131990_target">
        
        
            
    <div class="list-group">
        <div id="user_myviewlist">
            
    <div class="list-group-item flush">
        <h3 class="title list-group-item-heading text-inline">
            <a href="https://eportfolio.u-pec.fr/view/view.php?id=30803">Découverte de Mahara</a>
        </h3>

        

        
        <div class="list-group-item-text text-small">
            Mes premier pas sur Mahara.  
Première séance de la SAE 14
        </div>
        

        
    </div>


        </div>
    
        <div id="user_myviews_page_container" class="d-none"><div id="user_myviews_pagination" class="pagination-wrapper center"><div class="lead text-small results float-right">1 résultat</div></div></div>
    
    
    
    
    </div>


        
    </div>
</div>
</div></div></div></content>
        <rdf:type rdf:resource="leap2:selection"/>



        <category term="Webpage" scheme="categories:selection_type#"/>





        <mahara:view mahara:newlayout="1" mahara:type="dashboard" mahara:ownerformat="6">
        
            
            <mahara:blockinstance mahara:blocktype="newviews" mahara:blocktitle="" mahara:positionx="0" mahara:positiony="0" mahara:height="9" mahara:width="6">
                
                    
                    <mahara:limit>[5]</mahara:limit>
                    
                
                    
                    <mahara:user>[1]</mahara:user>
                    
                
                    
                    <mahara:friend>[1]</mahara:friend>
                    
                
                    
                    <mahara:group>[1]</mahara:group>
                    
                
                
                
            </mahara:blockinstance>
            
            <mahara:blockinstance mahara:blocktype="inbox" mahara:blocktitle="" mahara:positionx="6" mahara:positiony="0" mahara:height="8" mahara:width="6">
                
                    
                    <mahara:feedback>[true]</mahara:feedback>
                    
                
                    
                    <mahara:groupmessage>[true]</mahara:groupmessage>
                    
                
                    
                    <mahara:institutionmessage>[true]</mahara:institutionmessage>
                    
                
                    
                    <mahara:maharamessage>[true]</mahara:maharamessage>
                    
                
                    
                    <mahara:usermessage>[true]</mahara:usermessage>
                    
                
                    
                    <mahara:viewaccess>[true]</mahara:viewaccess>
                    
                
                    
                    <mahara:watchlist>[true]</mahara:watchlist>
                    
                
                    
                    <mahara:maxitems>[&quot;5&quot;]</mahara:maxitems>
                    
                
                    
                    <mahara:wallpost>[true]</mahara:wallpost>
                    
                
                
                
            </mahara:blockinstance>
            
            <mahara:blockinstance mahara:blocktype="inbox" mahara:blocktitle="" mahara:positionx="6" mahara:positiony="8" mahara:height="9" mahara:width="6">
                
                    
                    <mahara:newpost>[true]</mahara:newpost>
                    
                
                    
                    <mahara:maxitems>[&quot;5&quot;]</mahara:maxitems>
                    
                
                
                
            </mahara:blockinstance>
            
            <mahara:blockinstance mahara:blocktype="myviews" mahara:blocktitle="" mahara:positionx="0" mahara:positiony="9" mahara:height="12" mahara:width="6">
                
                
                
            </mahara:blockinstance>
            
        
        </mahara:view>
    </entry>

    <entry>
        <title>Découverte de Mahara</title>
        <id>portfolio:view30803</id>

        <updated>2022-09-20T16:04:09+02:00</updated>
        <published>2022-09-20T16:04:33+02:00</published>

        <summary type="xhtml"><div xmlns="http://www.w3.org/1999/xhtml"><div>Mes premier pas sur Mahara. 
Première séance de la SAE 14</div></div></summary>

   <subtitle type="xhtml"><div xmlns="http://www.w3.org/1999/xhtml"><div></div></div></subtitle>
        <content type="xhtml"><div xmlns="http://www.w3.org/1999/xhtml"><div><div id="user_block_132030"><div class="bt-text gridstackblock card card-secondary clearfix" id="user_blockinstance_132030">
    
    
        <div class="block-header quick-edit d-none">
    <a class="modal_link list-group-heading" href="#" title="Édition rapide">
        <span class="icon icon-pencil-alt" title="Édition rapide"></span>
        Édition rapide
    </a>
</div>

    
    
        <h2 class="title card-header js-heading">
            

            <span class="collapse-inline">
                Présentation 
                
            </span>

            

        </h2>
    

    <div class="block" id="user_blockinstance_132030_target">
        
        
            

<div class="textblock card-body flush">
<p>Ceci est mon premier bloc de la page "<strong>Découverte de Mahara...</strong>"</p>
<p>1. Item1</p>
<p>2. Item2</p>
<p>3. Item3</p>
</div>


        
    </div>
</div>
</div><div id="user_block_132036"><div class="bt-image gridstackblock card card-secondary clearfix" id="user_blockinstance_132036">
    
    
    
        <h2 class="title card-header js-heading">
            

            <span class="collapse-inline">
                Bloc - Images
                
            </span>

            

        </h2>
    

    <div class="block" id="user_blockinstance_132036_target">
        
        
            
        
    </div>
</div>
</div><div id="user_block_132096"><div class="bt-externalvideo gridstackblock card card-secondary card-brand clearfix" id="user_blockinstance_132096">
    
    
    
        <h2 class="title card-header js-heading">
            

            <span class="collapse-inline">
                Vidéo
                
            </span>

            

        </h2>
    

    <div class="block" id="user_blockinstance_132096_target">
        
        
            <div class="mediaplayer-container text-center card-body">
  <div id="user_vid_132096" class="mediaplayer" style="margin:0 auto;">
    <iframe class="externalvideoiframe" width="560" height="349" src="https://www.youtube.com/embed/0q5D-ESUzrA?start=" allowfullscreen="1"></iframe>
    
  </div>
</div>

        
    </div>
</div>
</div></div></div></content>
        <rdf:type rdf:resource="leap2:selection"/>



        <category term="Webpage" scheme="categories:selection_type#"/>





        <mahara:view mahara:newlayout="1" mahara:type="portfolio" mahara:ownerformat="6">
        
            
            <mahara:blockinstance mahara:blocktype="text" mahara:blocktitle="Présentation " mahara:positionx="0" mahara:positiony="0" mahara:height="17" mahara:width="4">
                
                    
                    <mahara:text>[&quot;&lt;p&gt;Ceci est mon premier bloc de la page \&quot;&lt;strong&gt;D&amp;eacute;couverte de Mahara...&lt;\/strong&gt;\&quot;&lt;\/p&gt;\r\n&lt;p&gt;1. Item1&lt;\/p&gt;\r\n&lt;p&gt;2. Item2&lt;\/p&gt;\r\n&lt;p&gt;3. Item3&lt;\/p&gt;&quot;]</mahara:text>
                    
                
                    
                    <mahara:instructions></mahara:instructions>
                    
                
                
                
            </mahara:blockinstance>
            
            <mahara:blockinstance mahara:blocktype="image" mahara:blocktitle="Bloc - Images" mahara:positionx="4" mahara:positiony="0" mahara:height="15" mahara:width="4">
                
                    
                    <mahara:artefactid></mahara:artefactid>
                    
                
                    
                    <mahara:showdescription>[false]</mahara:showdescription>
                    
                
                    
                    <mahara:width>[&quot;&quot;]</mahara:width>
                    
                
                    
                    <mahara:retractable>[0]</mahara:retractable>
                    
                
                    
                    <mahara:retractedonload>[0]</mahara:retractedonload>
                    
                
                
                
            </mahara:blockinstance>
            
            <mahara:blockinstance mahara:blocktype="externalvideo" mahara:blocktitle="Vidéo" mahara:positionx="8" mahara:positiony="0" mahara:height="31" mahara:width="4">
                
                    
                    <mahara:videoid>[&quot;&lt;iframe class=\&quot;externalvideoiframe\&quot; width=\&quot;560\&quot; height=\&quot;349\&quot; src=\&quot;https:\/\/www.youtube.com\/embed\/0q5D-ESUzrA?start=\&quot; allowfullscreen=\&quot;1\&quot;&gt;&lt;\/iframe&gt;&quot;]</mahara:videoid>
                    
                
                    
                    <mahara:width>[560]</mahara:width>
                    
                
                    
                    <mahara:height>[349]</mahara:height>
                    
                
                    
                    <mahara:tags>[null]</mahara:tags>
                    
                
                    
                    <mahara:retractable>[0]</mahara:retractable>
                    
                
                    
                    <mahara:retractedonload>[0]</mahara:retractedonload>
                    
                
                    
                    <mahara:html>[&quot;&lt;iframe class=\&quot;externalvideoiframe\&quot; width=\&quot;560\&quot; height=\&quot;349\&quot; src=\&quot;https:\/\/www.youtube.com\/embed\/0q5D-ESUzrA?start=\&quot; allowfullscreen=\&quot;1\&quot;&gt;&lt;\/iframe&gt;&quot;]</mahara:html>
                    
                
                
                
            </mahara:blockinstance>
            
        
        </mahara:view>
    </entry>

    <entry>
        <title>Journal de Henri Chen</title>
        <id>portfolio:artefact86386</id>

        <updated>2022-09-20T16:04:08+02:00</updated>
        <published>2022-09-20T16:04:08+02:00</published>




        <content type="xhtml"><div xmlns="http://www.w3.org/1999/xhtml"><div></div></div></content>
        <rdf:type rdf:resource="leap2:selection"/>
        <mahara:artefactplugin mahara:type="blog" mahara:plugin="blog"/>


        <category term="Blog" scheme="categories:selection_type#"/>




    </entry>


    <entry>
        <title>Certifications, accréditations et prix obtenus</title>
        <id>portfolio:artefact86454</id>

        <updated>2022-09-26T21:09:09+02:00</updated>
        <published>2022-09-20T17:05:17+02:00</published>




        <content></content>
        <rdf:type rdf:resource="leap2:selection"/>
        <mahara:artefactplugin mahara:type="certification" mahara:plugin="resume"/>
        <link rel="leap2:has_part" href="portfolio:resumecomposite-86454-child-299" leap2:display_order="1"/>
        <link rel="related" href="portfolio:86455"/>
        <link rel="related" href="portfolio:87608"/>
        <link rel="leap2:has_part" href="portfolio:resumecomposite-86454-child-331" leap2:display_order="2"/>


        <category term="Grouping" scheme="categories:selection_type#"/>




    </entry>


    <entry>
        <title>Certification Pix</title>
        <id>portfolio:resumecomposite-86454-child-299</id>

        <updated>2022-09-26T21:09:09+02:00</updated>





        <content></content>
        <rdf:type rdf:resource="leap2:achievement"/>
        <mahara:artefactplugin mahara:type="pseudo:certification" mahara:plugin="resume"/>
        <link rel="leap2:is_part_of" href="portfolio:artefact86454" leap2:display_order="1"/>









        <leap2:date leap2:point="end" leap2:label="17 mars 2022"></leap2:date>

    </entry>

    <entry>
        <title>Certificat Programing Hub C Language </title>
        <id>portfolio:resumecomposite-86454-child-331</id>

        <updated>2022-09-26T21:09:09+02:00</updated>





        <content></content>
        <rdf:type rdf:resource="leap2:achievement"/>
        <mahara:artefactplugin mahara:type="pseudo:certification" mahara:plugin="resume"/>
        <link rel="leap2:is_part_of" href="portfolio:artefact86454" leap2:display_order="2"/>









        <leap2:date leap2:point="end" leap2:label="24 Août 2022"></leap2:date>

    </entry>

    <entry>
        <title>attestation-pix-20220318.pdf</title>
        <id>portfolio:artefact86455</id>

        <updated>2022-09-20T17:05:17+02:00</updated>
        <published>2022-09-20T17:05:17+02:00</published>




        <content type="xhtml"><div xmlns="http://www.w3.org/1999/xhtml"><div></div></div></content>
        <rdf:type rdf:resource="leap2:resource"/>
        <mahara:artefactplugin mahara:type="file" mahara:plugin="file"/>
        <link rel="enclosure" type="application/pdf" href="export_info/files/86455-attestation-pix-20220318.pdf"/>


        <category term="Offline" scheme="categories:resource_type#" label="File"/>




    </entry>


    <entry>
        <title>Occupation</title>
        <id>portfolio:artefact87594</id>

        <updated>2022-09-26T21:09:44+02:00</updated>
        <published>2022-09-26T21:09:44+02:00</published>




        <content>Etudiant </content>
        <rdf:type rdf:resource="leap2:entry"/>
        <mahara:artefactplugin mahara:type="occupation" mahara:plugin="internal"/>






    </entry>


    <entry>
        <title>Industry</title>
        <id>portfolio:artefact87595</id>

        <updated>2022-09-26T21:09:44+02:00</updated>
        <published>2022-09-26T21:09:44+02:00</published>




        <content>1er année en BUT Réseaux et Télécoms</content>
        <rdf:type rdf:resource="leap2:entry"/>
        <mahara:artefactplugin mahara:type="industry" mahara:plugin="internal"/>






    </entry>


    <entry>
        <title>images</title>
        <id>portfolio:artefact87596</id>

        <updated>2022-09-26T21:09:25+02:00</updated>
        <published>2022-09-26T21:09:25+02:00</published>




        <content>Fichiers Image</content>
        <rdf:type rdf:resource="leap2:selection"/>
        <mahara:artefactplugin mahara:type="folder" mahara:plugin="file"/>
        <link rel="leap2:has_part" href="portfolio:artefact87597"/>


        <category term="Folder" scheme="categories:selection_type#"/>




    </entry>


    <entry>
        <title>IMG_20220926_212559.jpg</title>
        <id>portfolio:artefact87597</id>

        <updated>2022-09-26T21:09:25+02:00</updated>
        <published>2022-09-26T21:09:25+02:00</published>

        <summary type="">Télécharger une image pour le profil</summary>


        <content type="xhtml"><div xmlns="http://www.w3.org/1999/xhtml"><div></div></div></content>
        <rdf:type rdf:resource="leap2:resource"/>
        <mahara:artefactplugin mahara:type="profileicon" mahara:plugin="file"/>
        <link rel="enclosure" type="image/jpeg" href="export_info/files/87597-IMG_20220926_212559.jpg"/>
        <link rel="leap2:is_part_of" href="portfolio:artefact87596"/>
        <link rel="related" href="portfolio:artefactinternal"/>


        <category term="Offline" scheme="categories:resource_type#" label="File"/>




    </entry>


    <entry>
        <title>Chen Henri_C Programming.pdf</title>
        <id>portfolio:artefact87601</id>

        <updated>2022-09-26T21:09:24+02:00</updated>
        <published>2022-09-26T21:09:24+02:00</published>




        <content type="xhtml"><div xmlns="http://www.w3.org/1999/xhtml"><div></div></div></content>
        <rdf:type rdf:resource="leap2:resource"/>
        <mahara:artefactplugin mahara:type="file" mahara:plugin="file"/>
        <link rel="enclosure" type="application/pdf" href="export_info/files/87601-Chen Henri_C Programming.pdf"/>


        <category term="Offline" scheme="categories:resource_type#" label="File"/>




    </entry>


    <entry>
        <title>photo.PNG</title>
        <id>portfolio:artefact87602</id>

        <updated>2022-09-26T21:09:41+02:00</updated>
        <published>2022-09-26T21:09:41+02:00</published>




        <content type="xhtml"><div xmlns="http://www.w3.org/1999/xhtml"><div></div></div></content>
        <rdf:type rdf:resource="leap2:resource"/>
        <mahara:artefactplugin mahara:type="image" mahara:plugin="file"/>
        <link rel="enclosure" type="image/png" href="export_info/files/87602-photo.PNG"/>


        <category term="Offline" scheme="categories:resource_type#" label="File"/>




    </entry>


    <entry>
        <title>Python pierre feuille ciseaux</title>
        <id>portfolio:artefact87603</id>

        <updated>2022-09-26T21:09:32+02:00</updated>
        <published>2022-09-26T21:09:32+02:00</published>




        <content>Deuxième jeu que j&#039;ai crée en python, aucune interface graphique.</content>
        <rdf:type rdf:resource="leap2:plan"/>
        <mahara:artefactplugin mahara:type="plan" mahara:plugin="plans"/>
        <link rel="leap2:is_part_of" href="portfolio:view30791"/>








    </entry>

    <entry>
        <title>Python Devine Chiffre</title>
        <id>portfolio:artefact87604</id>

        <updated>2022-09-26T21:09:52+02:00</updated>
        <published>2022-09-26T21:09:52+02:00</published>




        <content>Premier jeu crée avec python, le but est seulement de trouver le chiffres le moins de tentative possible.</content>
        <rdf:type rdf:resource="leap2:plan"/>
        <mahara:artefactplugin mahara:type="plan" mahara:plugin="plans"/>
        <link rel="leap2:is_part_of" href="portfolio:view30791"/>








    </entry>

    <entry>
        <title>Python Générateur de mdp</title>
        <id>portfolio:artefact87605</id>

        <updated>2022-09-26T21:09:09+02:00</updated>
        <published>2022-09-26T21:09:09+02:00</published>




        <content>Utilisation de la bibliothèque random afin de crée des mots de passe aléatoire.</content>
        <rdf:type rdf:resource="leap2:plan"/>
        <mahara:artefactplugin mahara:type="plan" mahara:plugin="plans"/>
        <link rel="leap2:is_part_of" href="portfolio:view30791"/>








    </entry>

    <entry>
        <title>Python Autoclicker</title>
        <id>portfolio:artefact87607</id>

        <updated>2022-09-26T21:09:28+02:00</updated>
        <published>2022-09-26T21:09:28+02:00</published>




        <content>Première utilisation de la bibliothèque Autogui permettant d&#039;automatisé certaines action de l&#039;ordinateur.</content>
        <rdf:type rdf:resource="leap2:plan"/>
        <mahara:artefactplugin mahara:type="plan" mahara:plugin="plans"/>
        <link rel="leap2:is_part_of" href="portfolio:view30791"/>








    </entry>

    <entry>
        <title>Chen Henri_C Programming.pdf.1</title>
        <id>portfolio:artefact87608</id>

        <updated>2022-09-26T21:09:00+02:00</updated>
        <published>2022-09-26T21:09:00+02:00</published>




        <content type="xhtml"><div xmlns="http://www.w3.org/1999/xhtml"><div></div></div></content>
        <rdf:type rdf:resource="leap2:resource"/>
        <mahara:artefactplugin mahara:type="file" mahara:plugin="file"/>
        <link rel="enclosure" type="application/pdf" href="export_info/files/87608-Chen Henri_C Programming.pdf.1"/>


        <category term="Offline" scheme="categories:resource_type#" label="File"/>




    </entry>


    <entry>
        <title>Centres d&#039;intérêt</title>
        <id>portfolio:artefact87609</id>

        <updated>2022-09-27T11:11:25+02:00</updated>
        <published>2022-09-26T21:09:23+02:00</published>




        <content type="xhtml"><div xmlns="http://www.w3.org/1999/xhtml"><div><p>J'ai 2 types de loisirs, le premiers étant le sport, je pratiquais et adore pratiquer différents type de sport comme le Badminton, la Course ou même du Basket.</p>
<p>Ensuite ce sont les loisirs impliquant différents appareils, cela va des jeux jusqu'à la découverte a droite a gauche de nouvelle fonctionnalité des différents appareils ( se balader dans les réglages et les fichier de l'ordinateur par exemple ). Je suis assez curieux et apprécie toucher tous les appareils.</p>
<p> </p>
<p> </p>
<p> </p>
<p> </p></div></div></content>
        <rdf:type rdf:resource="leap2:entry"/>
        <mahara:artefactplugin mahara:type="interest" mahara:plugin="resume"/>
        <link rel="leap2:is_part_of" href="portfolio:view30791"/>






    </entry>


    <entry>
        <title>Objectifs personnels</title>
        <id>portfolio:artefact87610</id>

        <updated>2022-09-27T11:11:04+02:00</updated>
        <published>2022-09-26T21:09:43+02:00</published>




        <content type="xhtml"><div xmlns="http://www.w3.org/1999/xhtml"><div><p>Dans mes objectifs personnels, je souhaiterais tout d'abord reprendre mes activités sportives en intégrant certainement l'AS badminton si mes horaires me le permettent, ensuite j'aimerais approfondir mes connaissances dans les différents langages de programmations dont je connais déjà certaines bases, en l'occurrence le Python et le C. </p></div></div></content>
        <rdf:type rdf:resource="leap2:entry"/>
        <mahara:artefactplugin mahara:type="personalgoal" mahara:plugin="resume"/>
        <link rel="leap2:is_part_of" href="portfolio:view30791"/>






    </entry>


    <entry>
        <title>Objectifs académiques</title>
        <id>portfolio:artefact87611</id>

        <updated>2022-09-27T11:11:21+02:00</updated>
        <published>2022-09-26T21:09:20+02:00</published>




        <content type="xhtml"><div xmlns="http://www.w3.org/1999/xhtml"><div><p>Comme objectif académiques, naturellement ce serait de finir mes 3 années d'études sans aucune difficulté même si cela va s'avérer compliqué. Si j'arrive à mener à bien cet objectif je pourrais ainsi continuer dans une école d'ingénieur à la fin de ma formation.</p></div></div></content>
        <rdf:type rdf:resource="leap2:entry"/>
        <mahara:artefactplugin mahara:type="academicgoal" mahara:plugin="resume"/>
        <link rel="leap2:is_part_of" href="portfolio:view30791"/>






    </entry>


    <entry>
        <title>Objectifs de carrière</title>
        <id>portfolio:artefact87612</id>

        <updated>2022-09-26T21:09:18+02:00</updated>
        <published>2022-09-26T21:09:21+02:00</published>




        <content type="xhtml"><div xmlns="http://www.w3.org/1999/xhtml"><div><p>Pour mon objectif de carrière, je souhaite si possible travailler soit dans la cybersécurité ou devenir ingénieur réseaux. Cela me permettra de pouvoir travailler dans un milieu et un environnement que j'apprécie tout particulièrement.</p></div></div></content>
        <rdf:type rdf:resource="leap2:entry"/>
        <mahara:artefactplugin mahara:type="careergoal" mahara:plugin="resume"/>
        <link rel="leap2:is_part_of" href="portfolio:view30791"/>






    </entry>


    <entry>
        <title>Compétences personnelles</title>
        <id>portfolio:artefact87613</id>

        <updated>2022-09-27T11:11:56+02:00</updated>
        <published>2022-09-26T21:09:53+02:00</published>




        <content type="xhtml"><div xmlns="http://www.w3.org/1999/xhtml"><div><p>Je me décrirais comme autonome, sociable et je m'adapte assez rapidement a mon environnement.</p>
<p>Je sais parler en plus du Français, le chinois ( niveau intermédiaire ), l'anglais (niveau intermédiaire) et pour finir l'espagnol (niveau basique).</p></div></div></content>
        <rdf:type rdf:resource="leap2:ability"/>
        <mahara:artefactplugin mahara:type="personalskill" mahara:plugin="resume"/>
        <link rel="leap2:is_part_of" href="portfolio:view30791"/>






    </entry>


    <entry>
        <title>Compétences académiques</title>
        <id>portfolio:artefact87614</id>

        <updated>2022-09-27T11:11:24+02:00</updated>
        <published>2022-09-26T21:09:54+02:00</published>




        <content type="xhtml"><div xmlns="http://www.w3.org/1999/xhtml"><div><p>Dans mes compétences académiques je sais quand me mettre au travail, et j'arrive à me concentrer sur ma tâche.</p>
<p>Cela m'aide ainsi a finir des travaux assez long.</p>
<p>J'ai un niveau correct en Python</p>
<p>et je débute en langage C</p></div></div></content>
        <rdf:type rdf:resource="leap2:ability"/>
        <mahara:artefactplugin mahara:type="academicskill" mahara:plugin="resume"/>
        <link rel="leap2:is_part_of" href="portfolio:view30791"/>






    </entry>


    <entry>
        <title>Compétences professionnelles</title>
        <id>portfolio:artefact87615</id>

        <updated>2022-09-27T10:10:33+02:00</updated>
        <published>2022-09-26T21:09:55+02:00</published>




        <content type="xhtml"><div xmlns="http://www.w3.org/1999/xhtml"><div><p>Etant donné que je n'ai pas encore effectué de vrai stage ou travaillé dans une entreprise, je ne connais pas encore exactement mes compétences professionnelles.</p></div></div></content>
        <rdf:type rdf:resource="leap2:ability"/>
        <mahara:artefactplugin mahara:type="workskill" mahara:plugin="resume"/>
        <link rel="leap2:is_part_of" href="portfolio:view30791"/>






    </entry>


    <entry>
        <title>a faire</title>
        <id>portfolio:artefact87807</id>

        <updated>2022-09-27T11:11:23+02:00</updated>
        <published>2022-09-27T11:11:23+02:00</published>




        <content>&lt;p&gt;-Parcours&lt;br&gt;-Vidéo&lt;br&gt;-crée plus de portfolio&lt;/p&gt;</content>
        <rdf:type rdf:resource="leap2:entry"/>
        <mahara:artefactplugin mahara:type="html" mahara:plugin="internal"/>






    </entry>


    <entry>
        <title>Henri Chen</title>
        <id>portfolio:artefactinternal</id>

        <updated>2022-09-27T11:11:23+02:00</updated>





        <content type="html">&lt;p&gt;Bienvenue sur ma page de profile,&lt;/p&gt;
&lt;p&gt;Je m&#039;appelle Henri Chen, je suis actuellement en première année de BUT en réseaux et télécommunications a L&#039;UPEC site vitry.&lt;/p&gt;
&lt;p&gt;Je vous souhaite une bonne navigation dans mon E-portfolio.&lt;/p&gt;</content>
        <rdf:type rdf:resource="leap2:person"/>
        <mahara:artefactplugin mahara:type="internal" mahara:plugin="internal"/>
        <link rel="related" href="portfolio:artefact87597"/>


        <category term="Self" scheme="categories:person_type#"/>






        <leap2:persondata
            mahara:artefactplugin="internal"
            mahara:artefacttype="email"

            leap2:field="email"

            leap2:label="Adresse de courriel"

        >henri.chen@etu.u-pec.fr</leap2:persondata>

        <leap2:persondata
            mahara:artefactplugin="internal"
            mahara:artefacttype="email"

            leap2:field="email"

            leap2:label="Adresse de courriel"

        >Henrichen09@gmail.com</leap2:persondata>

        <leap2:persondata
            mahara:artefactplugin="internal"
            mahara:artefacttype="firstname"

            leap2:field="legal_given_name"

            leap2:label="Prénom"

        >Henri</leap2:persondata>

        <leap2:persondata
            mahara:artefactplugin="internal"
            mahara:artefacttype="lastname"

            leap2:field="legal_family_name"

            leap2:label="Nom"

        >CHEN</leap2:persondata>

        <leap2:persondata
            mahara:artefactplugin="internal"
            mahara:artefacttype="preferredname"

            leap2:field="preferred_given_name"

            leap2:label="Nom préféré"

        >Henri Chen</leap2:persondata>

        <leap2:persondata
            mahara:artefactplugin="internal"
            mahara:artefacttype="socialprofile"

            leap2:field="id"

            leap2:label="Facebook"

            leap2:service="facebook"

        >Henri Chen</leap2:persondata>

        <leap2:persondata
            mahara:artefactplugin="internal"
            mahara:artefacttype="socialprofile"

            leap2:field="id"

            leap2:label="Twitter"

            leap2:service="twitter"

        >@Chenhenri4</leap2:persondata>

        <leap2:persondata
            mahara:artefactplugin="internal"
            mahara:artefacttype="socialprofile"

            leap2:field="id"

            leap2:label="Instagram"

            leap2:service="instagram"

        >chen._.henri</leap2:persondata>

        <leap2:persondata
            mahara:artefactplugin="internal"
            mahara:artefacttype="studentid"

            leap2:field="other"

            leap2:label="Identifiant étudiant"

        >u32217299</leap2:persondata>

        <leap2:persondata
            mahara:artefactplugin="resume"
            mahara:artefacttype="personalinformation/dateofbirth"

            leap2:field="dob"

            leap2:label="Date de naissance"

        >2004-12-09T00:12:00+01:00</leap2:persondata>

        <leap2:persondata
            mahara:artefactplugin="resume"
            mahara:artefacttype="personalinformation/placeofbirth"

            leap2:field="other" mahara:field="placeofbirth"

            leap2:label="Lieu de naissance"

        >Paris</leap2:persondata>

        <leap2:persondata
            mahara:artefactplugin="resume"
            mahara:artefacttype="personalinformation/citizenship"

            leap2:field="other" mahara:field="citizenship"

            leap2:label="Citoyenneté"

        >Européen</leap2:persondata>

        <leap2:persondata
            mahara:artefactplugin="resume"
            mahara:artefacttype="personalinformation/visastatus"

            leap2:field="other" mahara:field="visastatus"

            leap2:label="Type de visa"

        >Français</leap2:persondata>

        <leap2:persondata
            mahara:artefactplugin="resume"
            mahara:artefacttype="personalinformation/gender"

            leap2:field="gender"

            leap2:label="[[gender/artefact.resume]]"

        >1</leap2:persondata>


        <leap2:spatial>

            <leap2:addressline mahara:artefacttype="address">7 Rue de la Résistance 93230</leap2:addressline>

            <leap2:country mahara:artefacttype="country" leap2:countrycode="fra">France</leap2:country>

            <leap2:addressline mahara:artefacttype="town">Romainville </leap2:addressline>

        </leap2:spatial>

    </entry>

</feed>
